group_id,timestamp,forecast
28,2024-10-01 00:00:00+00:00,27960132.0
28,2024-11-01 00:00:00+00:00,27155874.0
28,2024-12-01 00:00:00+00:00,26996590.0
28,2025-01-01 00:00:00+00:00,20480878.0
28,2025-02-01 00:00:00+00:00,19394310.0
28,2025-03-01 00:00:00+00:00,19438878.0
28,2025-04-01 00:00:00+00:00,17412250.0
28,2025-05-01 00:00:00+00:00,16639615.0
28,2025-06-01 00:00:00+00:00,16896282.0
28,2025-07-01 00:00:00+00:00,19248776.0
28,2025-08-01 00:00:00+00:00,20317876.0
28,2025-09-01 00:00:00+00:00,22254758.0
29,2024-10-01 00:00:00+00:00,1325963.1
29,2024-11-01 00:00:00+00:00,1291862.5
29,2024-12-01 00:00:00+00:00,1322518.2
29,2025-01-01 00:00:00+00:00,1309206.2
29,2025-02-01 00:00:00+00:00,1117402.0
29,2025-03-01 00:00:00+00:00,1214391.1
29,2025-04-01 00:00:00+00:00,1158938.8
29,2025-05-01 00:00:00+00:00,1159184.8
29,2025-06-01 00:00:00+00:00,1139393.6
29,2025-07-01 00:00:00+00:00,1221272.1
29,2025-08-01 00:00:00+00:00,1234351.0
29,2025-09-01 00:00:00+00:00,1231005.8
30,2024-10-01 00:00:00+00:00,5375541.0
30,2024-11-01 00:00:00+00:00,5190430.5
30,2024-12-01 00:00:00+00:00,5189982.5
30,2025-01-01 00:00:00+00:00,4084337.2
30,2025-02-01 00:00:00+00:00,3642667.5
30,2025-03-01 00:00:00+00:00,3928330.2
30,2025-04-01 00:00:00+00:00,3459744.5
30,2025-05-01 00:00:00+00:00,3346215.0
30,2025-06-01 00:00:00+00:00,3385619.5
30,2025-07-01 00:00:00+00:00,3737135.0
30,2025-08-01 00:00:00+00:00,3857002.0
30,2025-09-01 00:00:00+00:00,4146334.0
36,2024-10-01 00:00:00+00:00,2216259.5
36,2024-11-01 00:00:00+00:00,2168246.8
36,2024-12-01 00:00:00+00:00,2160348.8
36,2025-01-01 00:00:00+00:00,2147383.2
36,2025-02-01 00:00:00+00:00,1875518.4
36,2025-03-01 00:00:00+00:00,2032664.6
36,2025-04-01 00:00:00+00:00,1885323.9
36,2025-05-01 00:00:00+00:00,1860272.6
36,2025-06-01 00:00:00+00:00,1851837.4
36,2025-07-01 00:00:00+00:00,2039289.1
36,2025-08-01 00:00:00+00:00,2148922.8
36,2025-09-01 00:00:00+00:00,2150893.5
37,2024-10-01 00:00:00+00:00,1460802.6
37,2024-11-01 00:00:00+00:00,1424419.0
37,2024-12-01 00:00:00+00:00,1440624.4
37,2025-01-01 00:00:00+00:00,1430805.5
37,2025-02-01 00:00:00+00:00,1246844.4
37,2025-03-01 00:00:00+00:00,1372598.2
37,2025-04-01 00:00:00+00:00,1297091.1
37,2025-05-01 00:00:00+00:00,1295021.1
37,2025-06-01 00:00:00+00:00,1286585.9
37,2025-07-01 00:00:00+00:00,1356070.4
37,2025-08-01 00:00:00+00:00,1370535.1
37,2025-09-01 00:00:00+00:00,1369125.2
38,2024-10-01 00:00:00+00:00,4332703.0
38,2024-11-01 00:00:00+00:00,4166846.8
38,2024-12-01 00:00:00+00:00,4162103.5
38,2025-01-01 00:00:00+00:00,3584543.2
38,2025-02-01 00:00:00+00:00,3092063.5
38,2025-03-01 00:00:00+00:00,3242781.8
38,2025-04-01 00:00:00+00:00,2976867.0
38,2025-05-01 00:00:00+00:00,2893472.0
38,2025-06-01 00:00:00+00:00,2936679.8
38,2025-07-01 00:00:00+00:00,3342045.5
38,2025-08-01 00:00:00+00:00,3461906.8
38,2025-09-01 00:00:00+00:00,3723140.2
39,2024-10-01 00:00:00+00:00,1460802.6
39,2024-11-01 00:00:00+00:00,1424419.0
39,2024-12-01 00:00:00+00:00,1440624.4
39,2025-01-01 00:00:00+00:00,1430805.5
39,2025-02-01 00:00:00+00:00,1246844.4
39,2025-03-01 00:00:00+00:00,1372598.2
39,2025-04-01 00:00:00+00:00,1297091.1
39,2025-05-01 00:00:00+00:00,1295021.1
39,2025-06-01 00:00:00+00:00,1286585.9
39,2025-07-01 00:00:00+00:00,1356070.4
39,2025-08-01 00:00:00+00:00,1370535.1
39,2025-09-01 00:00:00+00:00,1369125.2
40,2024-10-01 00:00:00+00:00,1386257.8
40,2024-11-01 00:00:00+00:00,1352157.1
40,2024-12-01 00:00:00+00:00,1371341.2
40,2025-01-01 00:00:00+00:00,1348569.8
40,2025-02-01 00:00:00+00:00,1166449.8
40,2025-03-01 00:00:00+00:00,1285761.9
40,2025-04-01 00:00:00+00:00,1210254.8
40,2025-05-01 00:00:00+00:00,1210500.8
40,2025-06-01 00:00:00+00:00,1200686.6
40,2025-07-01 00:00:00+00:00,1270171.1
40,2025-08-01 00:00:00+00:00,1283250.0
40,2025-09-01 00:00:00+00:00,1281840.1
41,2024-10-01 00:00:00+00:00,4581935.5
41,2024-11-01 00:00:00+00:00,4416074.0
41,2024-12-01 00:00:00+00:00,4444329.5
41,2025-01-01 00:00:00+00:00,3540815.0
41,2025-02-01 00:00:00+00:00,3228460.5
41,2025-03-01 00:00:00+00:00,3433023.0
41,2025-04-01 00:00:00+00:00,3168477.5
41,2025-05-01 00:00:00+00:00,3052964.2
41,2025-06-01 00:00:00+00:00,3092368.8
41,2025-07-01 00:00:00+00:00,3512523.8
41,2025-08-01 00:00:00+00:00,3632384.5
41,2025-09-01 00:00:00+00:00,3914096.2
42,2024-10-01 00:00:00+00:00,1280699.5
42,2024-11-01 00:00:00+00:00,1246598.9
42,2024-12-01 00:00:00+00:00,1273516.0
42,2025-01-01 00:00:00+00:00,1266344.0
42,2025-02-01 00:00:00+00:00,1074539.5
42,2025-03-01 00:00:00+00:00,1171528.9
42,2025-04-01 00:00:00+00:00,1116076.5
42,2025-05-01 00:00:00+00:00,1116322.5
42,2025-06-01 00:00:00+00:00,1096531.4
42,2025-07-01 00:00:00+00:00,1178409.6
42,2025-08-01 00:00:00+00:00,1191488.5
42,2025-09-01 00:00:00+00:00,1188143.2
43,2024-10-01 00:00:00+00:00,4137914.2
43,2024-11-01 00:00:00+00:00,4008975.2
43,2024-12-01 00:00:00+00:00,4023164.2
43,2025-01-01 00:00:00+00:00,3484963.2
43,2025-02-01 00:00:00+00:00,3018403.0
43,2025-03-01 00:00:00+00:00,3183341.8
43,2025-04-01 00:00:00+00:00,2890950.5
43,2025-05-01 00:00:00+00:00,2856344.2
43,2025-06-01 00:00:00+00:00,2847909.2
43,2025-07-01 00:00:00+00:00,3254207.2
43,2025-08-01 00:00:00+00:00,3395255.0
43,2025-09-01 00:00:00+00:00,3645826.0
73,2024-10-01 00:00:00+00:00,4215521.0
73,2024-11-01 00:00:00+00:00,4058768.8
73,2024-12-01 00:00:00+00:00,4054029.2
73,2025-01-01 00:00:00+00:00,3529442.5
73,2025-02-01 00:00:00+00:00,3038763.8
73,2025-03-01 00:00:00+00:00,3184535.2
73,2025-04-01 00:00:00+00:00,2918620.5
73,2025-05-01 00:00:00+00:00,2835225.5
73,2025-06-01 00:00:00+00:00,2878433.2
73,2025-07-01 00:00:00+00:00,3283798.8
73,2025-08-01 00:00:00+00:00,3403660.0
73,2025-09-01 00:00:00+00:00,3664894.0
74,2024-10-01 00:00:00+00:00,24091898.0
74,2024-11-01 00:00:00+00:00,23566726.0
74,2024-12-01 00:00:00+00:00,23360098.0
74,2025-01-01 00:00:00+00:00,19282346.0
74,2025-02-01 00:00:00+00:00,18240820.0
74,2025-03-01 00:00:00+00:00,18244714.0
74,2025-04-01 00:00:00+00:00,16456026.0
74,2025-05-01 00:00:00+00:00,15585339.0
74,2025-06-01 00:00:00+00:00,15835995.0
74,2025-07-01 00:00:00+00:00,18822264.0
74,2025-08-01 00:00:00+00:00,19710566.0
74,2025-09-01 00:00:00+00:00,21533574.0
76,2024-10-01 00:00:00+00:00,5488537.0
76,2024-11-01 00:00:00+00:00,5323663.0
76,2024-12-01 00:00:00+00:00,5317356.0
76,2025-01-01 00:00:00+00:00,4341023.0
76,2025-02-01 00:00:00+00:00,3917092.5
76,2025-03-01 00:00:00+00:00,4223050.0
76,2025-04-01 00:00:00+00:00,3668194.5
76,2025-05-01 00:00:00+00:00,3591916.2
76,2025-06-01 00:00:00+00:00,3617598.2
76,2025-07-01 00:00:00+00:00,3920915.8
76,2025-08-01 00:00:00+00:00,4039773.2
76,2025-09-01 00:00:00+00:00,4332235.0
116,2024-10-01 00:00:00+00:00,5760891.5
116,2024-11-01 00:00:00+00:00,5575781.0
116,2024-12-01 00:00:00+00:00,5561532.5
116,2025-01-01 00:00:00+00:00,4577187.5
116,2025-02-01 00:00:00+00:00,4000792.2
116,2025-03-01 00:00:00+00:00,4349034.5
116,2025-04-01 00:00:00+00:00,3770643.2
116,2025-05-01 00:00:00+00:00,3663709.2
116,2025-06-01 00:00:00+00:00,3682958.0
116,2025-07-01 00:00:00+00:00,4028676.8
116,2025-08-01 00:00:00+00:00,4135829.8
116,2025-09-01 00:00:00+00:00,4551326.0
149,2024-10-01 00:00:00+00:00,4791511.0
149,2024-11-01 00:00:00+00:00,4586763.0
149,2024-12-01 00:00:00+00:00,4540599.0
149,2025-01-01 00:00:00+00:00,3498803.0
149,2025-02-01 00:00:00+00:00,3121222.0
149,2025-03-01 00:00:00+00:00,3394038.2
149,2025-04-01 00:00:00+00:00,3035675.2
149,2025-05-01 00:00:00+00:00,2925044.0
149,2025-06-01 00:00:00+00:00,2986780.8
149,2025-07-01 00:00:00+00:00,3408289.5
149,2025-08-01 00:00:00+00:00,3535700.2
149,2025-09-01 00:00:00+00:00,3804758.2
150,2024-10-01 00:00:00+00:00,25765344.0
150,2024-11-01 00:00:00+00:00,25307742.0
150,2024-12-01 00:00:00+00:00,24863970.0
150,2025-01-01 00:00:00+00:00,20840958.0
150,2025-02-01 00:00:00+00:00,19835262.0
150,2025-03-01 00:00:00+00:00,20079254.0
150,2025-04-01 00:00:00+00:00,17968254.0
150,2025-05-01 00:00:00+00:00,17183946.0
150,2025-06-01 00:00:00+00:00,17461520.0
150,2025-07-01 00:00:00+00:00,20246920.0
150,2025-08-01 00:00:00+00:00,21387098.0
150,2025-09-01 00:00:00+00:00,23120406.0
151,2024-10-01 00:00:00+00:00,1186449.0
151,2024-11-01 00:00:00+00:00,1152348.4
151,2024-12-01 00:00:00+00:00,1180801.9
151,2025-01-01 00:00:00+00:00,1217372.6
151,2025-02-01 00:00:00+00:00,1012078.44
151,2025-03-01 00:00:00+00:00,1105920.9
151,2025-04-01 00:00:00+00:00,1050468.5
151,2025-05-01 00:00:00+00:00,1050714.5
151,2025-06-01 00:00:00+00:00,1030924.3
151,2025-07-01 00:00:00+00:00,1097728.0
151,2025-08-01 00:00:00+00:00,1110806.9
151,2025-09-01 00:00:00+00:00,1107461.6
152,2024-10-01 00:00:00+00:00,10001513.0
152,2024-11-01 00:00:00+00:00,9689354.0
152,2024-12-01 00:00:00+00:00,9561671.0
152,2025-01-01 00:00:00+00:00,8042120.5
152,2025-02-01 00:00:00+00:00,7102870.0
152,2025-03-01 00:00:00+00:00,7582448.5
152,2025-04-01 00:00:00+00:00,6459344.0
152,2025-05-01 00:00:00+00:00,6151517.0
152,2025-06-01 00:00:00+00:00,6201484.5
152,2025-07-01 00:00:00+00:00,7604839.0
152,2025-08-01 00:00:00+00:00,7958102.5
152,2025-09-01 00:00:00+00:00,8736951.0
157,2024-10-01 00:00:00+00:00,1335189.2
157,2024-11-01 00:00:00+00:00,1301088.6
157,2024-12-01 00:00:00+00:00,1330660.9
157,2025-01-01 00:00:00+00:00,1312408.4
157,2025-02-01 00:00:00+00:00,1130288.4
157,2025-03-01 00:00:00+00:00,1242564.2
157,2025-04-01 00:00:00+00:00,1171047.6
157,2025-05-01 00:00:00+00:00,1171293.6
157,2025-06-01 00:00:00+00:00,1161479.5
157,2025-07-01 00:00:00+00:00,1230964.0
157,2025-08-01 00:00:00+00:00,1244042.9
157,2025-09-01 00:00:00+00:00,1240697.6
196,2024-10-01 00:00:00+00:00,1480184.9
196,2024-11-01 00:00:00+00:00,1443801.2
196,2024-12-01 00:00:00+00:00,1465029.4
196,2025-01-01 00:00:00+00:00,1439019.5
196,2025-02-01 00:00:00+00:00,1259583.1
196,2025-03-01 00:00:00+00:00,1385337.2
196,2025-04-01 00:00:00+00:00,1309830.1
196,2025-05-01 00:00:00+00:00,1307760.1
196,2025-06-01 00:00:00+00:00,1299324.9
196,2025-07-01 00:00:00+00:00,1368809.4
196,2025-08-01 00:00:00+00:00,1383274.1
196,2025-09-01 00:00:00+00:00,1381864.2
197,2024-10-01 00:00:00+00:00,4133748.0
197,2024-11-01 00:00:00+00:00,3976993.2
197,2024-12-01 00:00:00+00:00,3991052.8
197,2025-01-01 00:00:00+00:00,3451023.5
197,2025-02-01 00:00:00+00:00,2981298.0
197,2025-03-01 00:00:00+00:00,3171833.5
197,2025-04-01 00:00:00+00:00,2884774.5
197,2025-05-01 00:00:00+00:00,2820653.5
197,2025-06-01 00:00:00+00:00,2847791.8
197,2025-07-01 00:00:00+00:00,3245575.0
197,2025-08-01 00:00:00+00:00,3391088.8
197,2025-09-01 00:00:00+00:00,3641659.8
198,2024-10-01 00:00:00+00:00,15105445.0
198,2024-11-01 00:00:00+00:00,14891299.0
198,2024-12-01 00:00:00+00:00,14158745.0
198,2025-01-01 00:00:00+00:00,11008604.0
198,2025-02-01 00:00:00+00:00,9389762.0
198,2025-03-01 00:00:00+00:00,9365098.0
198,2025-04-01 00:00:00+00:00,8677131.0
198,2025-05-01 00:00:00+00:00,8293424.0
198,2025-06-01 00:00:00+00:00,8516160.0
198,2025-07-01 00:00:00+00:00,9741151.0
198,2025-08-01 00:00:00+00:00,10986740.0
198,2025-09-01 00:00:00+00:00,12288832.0
199,2024-10-01 00:00:00+00:00,1367634.9
199,2024-11-01 00:00:00+00:00,1333534.2
199,2024-12-01 00:00:00+00:00,1361171.1
199,2025-01-01 00:00:00+00:00,1336505.1
199,2025-02-01 00:00:00+00:00,1154385.1
199,2025-03-01 00:00:00+00:00,1266661.0
199,2025-04-01 00:00:00+00:00,1195144.4
199,2025-05-01 00:00:00+00:00,1195390.4
199,2025-06-01 00:00:00+00:00,1185576.2
199,2025-07-01 00:00:00+00:00,1255060.8
199,2025-08-01 00:00:00+00:00,1268139.6
199,2025-09-01 00:00:00+00:00,1266729.8
200,2024-10-01 00:00:00+00:00,4679093.5
200,2024-11-01 00:00:00+00:00,4513232.0
200,2024-12-01 00:00:00+00:00,4554061.0
200,2025-01-01 00:00:00+00:00,3900077.0
200,2025-02-01 00:00:00+00:00,3411388.0
200,2025-03-01 00:00:00+00:00,3590525.2
200,2025-04-01 00:00:00+00:00,3265697.8
200,2025-05-01 00:00:00+00:00,3187014.5
200,2025-06-01 00:00:00+00:00,3207890.0
200,2025-07-01 00:00:00+00:00,3593633.8
200,2025-08-01 00:00:00+00:00,3698842.2
200,2025-09-01 00:00:00+00:00,4047666.8
201,2024-10-01 00:00:00+00:00,1205336.1
201,2024-11-01 00:00:00+00:00,1171235.5
201,2024-12-01 00:00:00+00:00,1199689.0
201,2025-01-01 00:00:00+00:00,1209741.2
201,2025-02-01 00:00:00+00:00,1018175.5
201,2025-03-01 00:00:00+00:00,1107949.0
201,2025-04-01 00:00:00+00:00,1056565.4
201,2025-05-01 00:00:00+00:00,1056811.4
201,2025-06-01 00:00:00+00:00,1037021.25
201,2025-07-01 00:00:00+00:00,1115421.8
201,2025-08-01 00:00:00+00:00,1128500.4
201,2025-09-01 00:00:00+00:00,1125155.1
213,2024-10-01 00:00:00+00:00,4191140.8
213,2024-11-01 00:00:00+00:00,4058136.5
213,2024-12-01 00:00:00+00:00,4032903.5
213,2025-01-01 00:00:00+00:00,3235620.5
213,2025-02-01 00:00:00+00:00,2901721.2
213,2025-03-01 00:00:00+00:00,3172861.8
213,2025-04-01 00:00:00+00:00,2831842.8
213,2025-05-01 00:00:00+00:00,2721211.5
213,2025-06-01 00:00:00+00:00,2767223.2
213,2025-07-01 00:00:00+00:00,3187779.2
213,2025-08-01 00:00:00+00:00,3358251.0
213,2025-09-01 00:00:00+00:00,3480782.5
222,2024-10-01 00:00:00+00:00,2865675.5
222,2024-11-01 00:00:00+00:00,2776969.8
222,2024-12-01 00:00:00+00:00,2781194.0
222,2025-01-01 00:00:00+00:00,2622021.0
222,2025-02-01 00:00:00+00:00,2330951.8
222,2025-03-01 00:00:00+00:00,2538564.8
222,2025-04-01 00:00:00+00:00,2315403.8
222,2025-05-01 00:00:00+00:00,2246827.8
222,2025-06-01 00:00:00+00:00,2273966.0
222,2025-07-01 00:00:00+00:00,2565386.8
222,2025-08-01 00:00:00+00:00,2680664.2
222,2025-09-01 00:00:00+00:00,2691606.0
225,2024-10-01 00:00:00+00:00,1983790.4
225,2024-11-01 00:00:00+00:00,1927753.1
225,2024-12-01 00:00:00+00:00,1931452.2
225,2025-01-01 00:00:00+00:00,2000842.4
225,2025-02-01 00:00:00+00:00,1718085.0
225,2025-03-01 00:00:00+00:00,1850794.2
225,2025-04-01 00:00:00+00:00,1740556.5
225,2025-05-01 00:00:00+00:00,1722516.2
225,2025-06-01 00:00:00+00:00,1714081.0
225,2025-07-01 00:00:00+00:00,1861575.2
225,2025-08-01 00:00:00+00:00,1916453.4
225,2025-09-01 00:00:00+00:00,1918424.5
231,2024-10-01 00:00:00+00:00,1298774.5
231,2024-11-01 00:00:00+00:00,1264673.9
231,2024-12-01 00:00:00+00:00,1294246.1
231,2025-01-01 00:00:00+00:00,1290368.9
231,2025-02-01 00:00:00+00:00,1108248.9
231,2025-03-01 00:00:00+00:00,1212775.6
231,2025-04-01 00:00:00+00:00,1141259.0
231,2025-05-01 00:00:00+00:00,1141505.0
231,2025-06-01 00:00:00+00:00,1131690.9
231,2025-07-01 00:00:00+00:00,1201175.4
231,2025-08-01 00:00:00+00:00,1214254.2
231,2025-09-01 00:00:00+00:00,1210909.0
233,2024-10-01 00:00:00+00:00,15112607.0
233,2024-11-01 00:00:00+00:00,14898461.0
233,2024-12-01 00:00:00+00:00,14162344.0
233,2025-01-01 00:00:00+00:00,10824653.0
233,2025-02-01 00:00:00+00:00,9124523.0
233,2025-03-01 00:00:00+00:00,9194620.0
233,2025-04-01 00:00:00+00:00,8519304.0
233,2025-05-01 00:00:00+00:00,8091900.0
233,2025-06-01 00:00:00+00:00,8295252.5
233,2025-07-01 00:00:00+00:00,9530183.0
233,2025-08-01 00:00:00+00:00,10846666.0
233,2025-09-01 00:00:00+00:00,12223992.0
234,2024-10-01 00:00:00+00:00,1285988.4
234,2024-11-01 00:00:00+00:00,1251887.8
234,2024-12-01 00:00:00+00:00,1285371.4
234,2025-01-01 00:00:00+00:00,1288435.9
234,2025-02-01 00:00:00+00:00,1102085.6
234,2025-03-01 00:00:00+00:00,1206147.1
234,2025-04-01 00:00:00+00:00,1131949.9
234,2025-05-01 00:00:00+00:00,1132195.9
234,2025-06-01 00:00:00+00:00,1122381.8
234,2025-07-01 00:00:00+00:00,1188389.2
234,2025-08-01 00:00:00+00:00,1201468.1
234,2025-09-01 00:00:00+00:00,1198122.9
235,2024-10-01 00:00:00+00:00,5465783.5
235,2024-11-01 00:00:00+00:00,5280673.0
235,2024-12-01 00:00:00+00:00,5274366.0
235,2025-01-01 00:00:00+00:00,4398410.5
235,2025-02-01 00:00:00+00:00,3944928.5
235,2025-03-01 00:00:00+00:00,4257532.0
235,2025-04-01 00:00:00+00:00,3702678.2
235,2025-05-01 00:00:00+00:00,3626400.0
235,2025-06-01 00:00:00+00:00,3652082.0
235,2025-07-01 00:00:00+00:00,3955399.5
235,2025-08-01 00:00:00+00:00,4074257.0
235,2025-09-01 00:00:00+00:00,4366719.0
237,2024-10-01 00:00:00+00:00,1012897.8
237,2024-11-01 00:00:00+00:00,1122652.2
237,2024-12-01 00:00:00+00:00,1335690.6
237,2025-01-01 00:00:00+00:00,970216.3
237,2025-02-01 00:00:00+00:00,498595.2
237,2025-03-01 00:00:00+00:00,823916.6
237,2025-04-01 00:00:00+00:00,784644.94
237,2025-05-01 00:00:00+00:00,836099.94
237,2025-06-01 00:00:00+00:00,756915.2
237,2025-07-01 00:00:00+00:00,961785.2
237,2025-08-01 00:00:00+00:00,1010218.5
237,2025-09-01 00:00:00+00:00,1060080.5
238,2024-10-01 00:00:00+00:00,4236484.5
238,2024-11-01 00:00:00+00:00,4075353.0
238,2024-12-01 00:00:00+00:00,4081276.2
238,2025-01-01 00:00:00+00:00,3287162.0
238,2025-02-01 00:00:00+00:00,2959078.8
238,2025-03-01 00:00:00+00:00,3165462.8
238,2025-04-01 00:00:00+00:00,2908782.0
238,2025-05-01 00:00:00+00:00,2793268.8
238,2025-06-01 00:00:00+00:00,2855005.5
238,2025-07-01 00:00:00+00:00,3252961.2
238,2025-08-01 00:00:00+00:00,3398475.0
238,2025-09-01 00:00:00+00:00,3649046.0
270,2024-10-01 00:00:00+00:00,1330012.9
270,2024-11-01 00:00:00+00:00,1295912.2
270,2024-12-01 00:00:00+00:00,1322829.4
270,2025-01-01 00:00:00+00:00,1317973.5
270,2025-02-01 00:00:00+00:00,1135853.5
270,2025-03-01 00:00:00+00:00,1243060.9
270,2025-04-01 00:00:00+00:00,1168863.6
270,2025-05-01 00:00:00+00:00,1169109.6
270,2025-06-01 00:00:00+00:00,1159295.5
270,2025-07-01 00:00:00+00:00,1228780.0
270,2025-08-01 00:00:00+00:00,1241858.9
270,2025-09-01 00:00:00+00:00,1238513.6
271,2024-10-01 00:00:00+00:00,5367416.5
271,2024-11-01 00:00:00+00:00,5153476.5
271,2024-12-01 00:00:00+00:00,5181732.0
271,2025-01-01 00:00:00+00:00,4080372.2
271,2025-02-01 00:00:00+00:00,3728438.2
271,2025-03-01 00:00:00+00:00,4077450.8
271,2025-04-01 00:00:00+00:00,3571210.8
271,2025-05-01 00:00:00+00:00,3482365.8
271,2025-06-01 00:00:00+00:00,3508047.8
271,2025-07-01 00:00:00+00:00,3882630.5
271,2025-08-01 00:00:00+00:00,4034175.2
271,2025-09-01 00:00:00+00:00,4334429.0
295,2024-10-01 00:00:00+00:00,2000543.9
295,2024-11-01 00:00:00+00:00,1939615.4
295,2024-12-01 00:00:00+00:00,1943314.5
295,2025-01-01 00:00:00+00:00,2014396.6
295,2025-02-01 00:00:00+00:00,1731639.2
295,2025-03-01 00:00:00+00:00,1864348.5
295,2025-04-01 00:00:00+00:00,1754110.8
295,2025-05-01 00:00:00+00:00,1736070.5
295,2025-06-01 00:00:00+00:00,1727635.2
295,2025-07-01 00:00:00+00:00,1880020.8
295,2025-08-01 00:00:00+00:00,1934899.0
295,2025-09-01 00:00:00+00:00,1936870.1
298,2024-10-01 00:00:00+00:00,1336513.1
298,2024-11-01 00:00:00+00:00,1302412.5
298,2024-12-01 00:00:00+00:00,1329329.6
298,2025-01-01 00:00:00+00:00,1316763.9
298,2025-02-01 00:00:00+00:00,1134643.9
298,2025-03-01 00:00:00+00:00,1235515.8
298,2025-04-01 00:00:00+00:00,1176180.9
298,2025-05-01 00:00:00+00:00,1176426.9
298,2025-06-01 00:00:00+00:00,1156635.8
298,2025-07-01 00:00:00+00:00,1228829.8
298,2025-08-01 00:00:00+00:00,1241908.6
298,2025-09-01 00:00:00+00:00,1238563.4
301,2024-10-01 00:00:00+00:00,1362234.2
301,2024-11-01 00:00:00+00:00,1328133.6
301,2024-12-01 00:00:00+00:00,1357705.9
301,2025-01-01 00:00:00+00:00,1340789.0
301,2025-02-01 00:00:00+00:00,1158669.0
301,2025-03-01 00:00:00+00:00,1263195.8
301,2025-04-01 00:00:00+00:00,1191679.1
301,2025-05-01 00:00:00+00:00,1191925.1
301,2025-06-01 00:00:00+00:00,1182111.0
301,2025-07-01 00:00:00+00:00,1251595.5
301,2025-08-01 00:00:00+00:00,1264674.4
301,2025-09-01 00:00:00+00:00,1261329.1
302,2024-10-01 00:00:00+00:00,4995744.5
302,2024-11-01 00:00:00+00:00,4790996.5
302,2024-12-01 00:00:00+00:00,4740019.5
302,2025-01-01 00:00:00+00:00,3644431.5
302,2025-02-01 00:00:00+00:00,3269016.2
302,2025-03-01 00:00:00+00:00,3555687.0
302,2025-04-01 00:00:00+00:00,3189459.0
302,2025-05-01 00:00:00+00:00,3078827.8
302,2025-06-01 00:00:00+00:00,3145377.2
302,2025-07-01 00:00:00+00:00,3561725.5
302,2025-08-01 00:00:00+00:00,3689135.8
302,2025-09-01 00:00:00+00:00,3989333.8
303,2024-10-01 00:00:00+00:00,31145440.0
303,2024-11-01 00:00:00+00:00,30495776.0
303,2024-12-01 00:00:00+00:00,31174030.0
303,2025-01-01 00:00:00+00:00,22860804.0
303,2025-02-01 00:00:00+00:00,21496696.0
303,2025-03-01 00:00:00+00:00,20762508.0
303,2025-04-01 00:00:00+00:00,19129976.0
303,2025-05-01 00:00:00+00:00,17724204.0
303,2025-06-01 00:00:00+00:00,17963992.0
303,2025-07-01 00:00:00+00:00,19099628.0
303,2025-08-01 00:00:00+00:00,21109656.0
303,2025-09-01 00:00:00+00:00,23894110.0
304,2024-10-01 00:00:00+00:00,1269576.4
304,2024-11-01 00:00:00+00:00,1235475.8
304,2024-12-01 00:00:00+00:00,1262392.9
304,2025-01-01 00:00:00+00:00,1266344.0
304,2025-02-01 00:00:00+00:00,1074539.5
304,2025-03-01 00:00:00+00:00,1171528.9
304,2025-04-01 00:00:00+00:00,1116076.5
304,2025-05-01 00:00:00+00:00,1116322.5
304,2025-06-01 00:00:00+00:00,1096531.4
304,2025-07-01 00:00:00+00:00,1174932.6
304,2025-08-01 00:00:00+00:00,1188011.5
304,2025-09-01 00:00:00+00:00,1184666.2
305,2024-10-01 00:00:00+00:00,10431492.0
305,2024-11-01 00:00:00+00:00,9967254.0
305,2024-12-01 00:00:00+00:00,9758262.0
305,2025-01-01 00:00:00+00:00,8884489.0
305,2025-02-01 00:00:00+00:00,7374765.5
305,2025-03-01 00:00:00+00:00,7899682.5
305,2025-04-01 00:00:00+00:00,6817566.0
305,2025-05-01 00:00:00+00:00,6543403.5
305,2025-06-01 00:00:00+00:00,6582078.0
305,2025-07-01 00:00:00+00:00,7619914.5
305,2025-08-01 00:00:00+00:00,8190269.5
305,2025-09-01 00:00:00+00:00,8936185.0
307,2024-10-01 00:00:00+00:00,1054222.5
307,2024-11-01 00:00:00+00:00,1024908.7
307,2024-12-01 00:00:00+00:00,1050813.6
307,2025-01-01 00:00:00+00:00,940817.94
307,2025-02-01 00:00:00+00:00,660702.4
307,2025-03-01 00:00:00+00:00,821966.2
307,2025-04-01 00:00:00+00:00,785665.4
307,2025-05-01 00:00:00+00:00,818061.44
307,2025-06-01 00:00:00+00:00,798270.56
307,2025-07-01 00:00:00+00:00,979768.8
307,2025-08-01 00:00:00+00:00,986065.7
307,2025-09-01 00:00:00+00:00,985541.7
308,2024-10-01 00:00:00+00:00,4245076.5
308,2024-11-01 00:00:00+00:00,4111762.2
308,2024-12-01 00:00:00+00:00,4117685.0
308,2025-01-01 00:00:00+00:00,3531230.5
308,2025-02-01 00:00:00+00:00,3031818.5
308,2025-03-01 00:00:00+00:00,3182536.8
308,2025-04-01 00:00:00+00:00,2925856.0
308,2025-05-01 00:00:00+00:00,2801862.2
308,2025-06-01 00:00:00+00:00,2863599.0
308,2025-07-01 00:00:00+00:00,3261555.0
308,2025-08-01 00:00:00+00:00,3407068.5
308,2025-09-01 00:00:00+00:00,3657639.8
346,2024-10-01 00:00:00+00:00,1443880.4
346,2024-11-01 00:00:00+00:00,1407496.8
346,2024-12-01 00:00:00+00:00,1426680.9
346,2025-01-01 00:00:00+00:00,1406192.5
346,2025-02-01 00:00:00+00:00,1224072.5
346,2025-03-01 00:00:00+00:00,1343384.4
346,2025-04-01 00:00:00+00:00,1267877.2
346,2025-05-01 00:00:00+00:00,1268123.2
346,2025-06-01 00:00:00+00:00,1258309.1
346,2025-07-01 00:00:00+00:00,1327793.9
346,2025-08-01 00:00:00+00:00,1340872.5
346,2025-09-01 00:00:00+00:00,1339462.6
347,2024-10-01 00:00:00+00:00,1407856.2
347,2024-11-01 00:00:00+00:00,1371472.6
347,2024-12-01 00:00:00+00:00,1397147.4
347,2025-01-01 00:00:00+00:00,1370168.2
347,2025-02-01 00:00:00+00:00,1188048.2
347,2025-03-01 00:00:00+00:00,1310041.0
347,2025-04-01 00:00:00+00:00,1231853.2
347,2025-05-01 00:00:00+00:00,1232099.2
347,2025-06-01 00:00:00+00:00,1222285.1
347,2025-07-01 00:00:00+00:00,1291769.6
347,2025-08-01 00:00:00+00:00,1304848.5
347,2025-09-01 00:00:00+00:00,1303438.6
348,2024-10-01 00:00:00+00:00,5194422.0
348,2024-11-01 00:00:00+00:00,5028560.5
348,2024-12-01 00:00:00+00:00,5046153.5
348,2025-01-01 00:00:00+00:00,4286708.5
348,2025-02-01 00:00:00+00:00,3767193.8
348,2025-03-01 00:00:00+00:00,3963186.2
348,2025-04-01 00:00:00+00:00,3558588.8
348,2025-05-01 00:00:00+00:00,3475193.8
348,2025-06-01 00:00:00+00:00,3496069.2
348,2025-07-01 00:00:00+00:00,3880438.5
348,2025-08-01 00:00:00+00:00,4031983.8
348,2025-09-01 00:00:00+00:00,4342900.5
378,2024-10-01 00:00:00+00:00,31922112.0
378,2024-11-01 00:00:00+00:00,31041816.0
378,2024-12-01 00:00:00+00:00,31778626.0
378,2025-01-01 00:00:00+00:00,24520508.0
378,2025-02-01 00:00:00+00:00,23052740.0
378,2025-03-01 00:00:00+00:00,22825868.0
378,2025-04-01 00:00:00+00:00,20306952.0
378,2025-05-01 00:00:00+00:00,18808986.0
378,2025-06-01 00:00:00+00:00,18969952.0
378,2025-07-01 00:00:00+00:00,20769688.0
378,2025-08-01 00:00:00+00:00,23249436.0
378,2025-09-01 00:00:00+00:00,25596776.0
380,2024-10-01 00:00:00+00:00,5426453.0
380,2024-11-01 00:00:00+00:00,5241342.5
380,2024-12-01 00:00:00+00:00,5235035.5
380,2025-01-01 00:00:00+00:00,4149914.2
380,2025-02-01 00:00:00+00:00,3754196.8
380,2025-03-01 00:00:00+00:00,4055453.5
380,2025-04-01 00:00:00+00:00,3549621.5
380,2025-05-01 00:00:00+00:00,3455755.0
380,2025-06-01 00:00:00+00:00,3481437.0
380,2025-07-01 00:00:00+00:00,3832186.2
380,2025-08-01 00:00:00+00:00,3960497.0
380,2025-09-01 00:00:00+00:00,4235247.5
385,2024-10-01 00:00:00+00:00,3994981.0
385,2024-11-01 00:00:00+00:00,3903179.2
385,2024-12-01 00:00:00+00:00,3938978.5
385,2025-01-01 00:00:00+00:00,3435722.0
385,2025-02-01 00:00:00+00:00,2966875.8
385,2025-03-01 00:00:00+00:00,3148892.0
385,2025-04-01 00:00:00+00:00,2873845.0
385,2025-05-01 00:00:00+00:00,2847753.5
385,2025-06-01 00:00:00+00:00,2845925.8
385,2025-07-01 00:00:00+00:00,3239110.5
385,2025-08-01 00:00:00+00:00,3366458.2
385,2025-09-01 00:00:00+00:00,3501898.8
387,2024-10-01 00:00:00+00:00,3778411.5
387,2024-11-01 00:00:00+00:00,3706452.8
387,2024-12-01 00:00:00+00:00,3719241.0
387,2025-01-01 00:00:00+00:00,3304303.5
387,2025-02-01 00:00:00+00:00,2864108.2
387,2025-03-01 00:00:00+00:00,3025325.2
387,2025-04-01 00:00:00+00:00,2750278.5
387,2025-05-01 00:00:00+00:00,2724187.0
387,2025-06-01 00:00:00+00:00,2722359.2
387,2025-07-01 00:00:00+00:00,3145614.2
387,2025-08-01 00:00:00+00:00,3309402.0
387,2025-09-01 00:00:00+00:00,3413447.2
390,2024-10-01 00:00:00+00:00,2141766.0
390,2024-11-01 00:00:00+00:00,2093750.8
390,2024-12-01 00:00:00+00:00,2085852.4
390,2025-01-01 00:00:00+00:00,2121533.8
390,2025-02-01 00:00:00+00:00,1849670.0
390,2025-03-01 00:00:00+00:00,2006816.2
390,2025-04-01 00:00:00+00:00,1859475.4
390,2025-05-01 00:00:00+00:00,1834424.1
390,2025-06-01 00:00:00+00:00,1825988.9
390,2025-07-01 00:00:00+00:00,1991106.5
390,2025-08-01 00:00:00+00:00,2074426.6
390,2025-09-01 00:00:00+00:00,2076397.8
391,2024-10-01 00:00:00+00:00,19514296.0
391,2024-11-01 00:00:00+00:00,19178102.0
391,2024-12-01 00:00:00+00:00,18714956.0
391,2025-01-01 00:00:00+00:00,16059826.0
391,2025-02-01 00:00:00+00:00,15101068.0
391,2025-03-01 00:00:00+00:00,15821064.0
391,2025-04-01 00:00:00+00:00,13606365.0
391,2025-05-01 00:00:00+00:00,12799690.0
391,2025-06-01 00:00:00+00:00,12778868.0
391,2025-07-01 00:00:00+00:00,14591088.0
391,2025-08-01 00:00:00+00:00,15512969.0
391,2025-09-01 00:00:00+00:00,16702363.0
393,2024-10-01 00:00:00+00:00,2084668.8
393,2024-11-01 00:00:00+00:00,2036655.8
393,2024-12-01 00:00:00+00:00,2033950.5
393,2025-01-01 00:00:00+00:00,2081526.0
393,2025-02-01 00:00:00+00:00,1792575.8
393,2025-03-01 00:00:00+00:00,1945960.9
393,2025-04-01 00:00:00+00:00,1802381.2
393,2025-05-01 00:00:00+00:00,1777330.0
393,2025-06-01 00:00:00+00:00,1768894.8
393,2025-07-01 00:00:00+00:00,1934012.5
393,2025-08-01 00:00:00+00:00,2017332.1
393,2025-09-01 00:00:00+00:00,2019303.2
394,2024-10-01 00:00:00+00:00,23294244.0
394,2024-11-01 00:00:00+00:00,22799926.0
394,2024-12-01 00:00:00+00:00,22526976.0
394,2025-01-01 00:00:00+00:00,19772502.0
394,2025-02-01 00:00:00+00:00,18475760.0
394,2025-03-01 00:00:00+00:00,18663904.0
394,2025-04-01 00:00:00+00:00,16481995.0
394,2025-05-01 00:00:00+00:00,15648829.0
394,2025-06-01 00:00:00+00:00,15966831.0
394,2025-07-01 00:00:00+00:00,18673082.0
394,2025-08-01 00:00:00+00:00,19556566.0
394,2025-09-01 00:00:00+00:00,20992728.0
395,2024-10-01 00:00:00+00:00,15135492.0
395,2024-11-01 00:00:00+00:00,14957594.0
395,2024-12-01 00:00:00+00:00,14234393.0
395,2025-01-01 00:00:00+00:00,10791619.0
395,2025-02-01 00:00:00+00:00,9274126.0
395,2025-03-01 00:00:00+00:00,9348275.0
395,2025-04-01 00:00:00+00:00,8642725.0
395,2025-05-01 00:00:00+00:00,8181382.0
395,2025-06-01 00:00:00+00:00,8416373.0
395,2025-07-01 00:00:00+00:00,9521649.0
395,2025-08-01 00:00:00+00:00,10874451.0
395,2025-09-01 00:00:00+00:00,12245645.0
396,2024-10-01 00:00:00+00:00,1483998.1
396,2024-11-01 00:00:00+00:00,1447614.5
396,2024-12-01 00:00:00+00:00,1470648.1
396,2025-01-01 00:00:00+00:00,1451588.0
396,2025-02-01 00:00:00+00:00,1267626.9
396,2025-03-01 00:00:00+00:00,1393381.0
396,2025-04-01 00:00:00+00:00,1317873.9
396,2025-05-01 00:00:00+00:00,1315803.9
396,2025-06-01 00:00:00+00:00,1307368.6
396,2025-07-01 00:00:00+00:00,1379265.9
396,2025-08-01 00:00:00+00:00,1393730.6
396,2025-09-01 00:00:00+00:00,1392320.8
397,2024-10-01 00:00:00+00:00,4505494.5
397,2024-11-01 00:00:00+00:00,4339633.0
397,2024-12-01 00:00:00+00:00,4353692.5
397,2025-01-01 00:00:00+00:00,3650317.5
397,2025-02-01 00:00:00+00:00,3178791.2
397,2025-03-01 00:00:00+00:00,3373138.0
397,2025-04-01 00:00:00+00:00,3086079.2
397,2025-05-01 00:00:00+00:00,3021958.2
397,2025-06-01 00:00:00+00:00,3049096.5
397,2025-07-01 00:00:00+00:00,3497261.0
397,2025-08-01 00:00:00+00:00,3617123.0
397,2025-09-01 00:00:00+00:00,3893726.5
398,2024-10-01 00:00:00+00:00,1500006.0
398,2024-11-01 00:00:00+00:00,1461108.2
398,2024-12-01 00:00:00+00:00,1477653.0
398,2025-01-01 00:00:00+00:00,1464536.1
398,2025-02-01 00:00:00+00:00,1287447.9
398,2025-03-01 00:00:00+00:00,1409388.8
398,2025-04-01 00:00:00+00:00,1333881.6
398,2025-05-01 00:00:00+00:00,1331811.6
398,2025-06-01 00:00:00+00:00,1323376.4
398,2025-07-01 00:00:00+00:00,1395273.9
398,2025-08-01 00:00:00+00:00,1409738.4
398,2025-09-01 00:00:00+00:00,1408328.5
399,2024-10-01 00:00:00+00:00,4500314.0
399,2024-11-01 00:00:00+00:00,4339180.5
399,2024-12-01 00:00:00+00:00,4353369.5
399,2025-01-01 00:00:00+00:00,3665524.8
399,2025-02-01 00:00:00+00:00,3179547.5
399,2025-03-01 00:00:00+00:00,3369967.8
399,2025-04-01 00:00:00+00:00,3077576.5
399,2025-05-01 00:00:00+00:00,3051485.0
399,2025-06-01 00:00:00+00:00,3043050.0
399,2025-07-01 00:00:00+00:00,3491214.5
399,2025-08-01 00:00:00+00:00,3611942.0
399,2025-09-01 00:00:00+00:00,3888545.5
400,2024-10-01 00:00:00+00:00,18541292.0
400,2024-11-01 00:00:00+00:00,18297072.0
400,2024-12-01 00:00:00+00:00,17182536.0
400,2025-01-01 00:00:00+00:00,11257514.0
400,2025-02-01 00:00:00+00:00,10124197.0
400,2025-03-01 00:00:00+00:00,10089837.0
400,2025-04-01 00:00:00+00:00,9287058.0
400,2025-05-01 00:00:00+00:00,8702242.0
400,2025-06-01 00:00:00+00:00,8905489.0
400,2025-07-01 00:00:00+00:00,10375830.0
400,2025-08-01 00:00:00+00:00,12999730.0
400,2025-09-01 00:00:00+00:00,15124300.0
401,2024-10-01 00:00:00+00:00,1483629.4
401,2024-11-01 00:00:00+00:00,1447245.8
401,2024-12-01 00:00:00+00:00,1466429.9
401,2025-01-01 00:00:00+00:00,1453632.0
401,2025-02-01 00:00:00+00:00,1269670.9
401,2025-03-01 00:00:00+00:00,1395425.0
401,2025-04-01 00:00:00+00:00,1319917.9
401,2025-05-01 00:00:00+00:00,1317847.9
401,2025-06-01 00:00:00+00:00,1309412.6
401,2025-07-01 00:00:00+00:00,1378897.1
401,2025-08-01 00:00:00+00:00,1393361.9
401,2025-09-01 00:00:00+00:00,1391952.0
402,2024-10-01 00:00:00+00:00,4927648.5
402,2024-11-01 00:00:00+00:00,4761787.0
402,2024-12-01 00:00:00+00:00,4806498.5
402,2025-01-01 00:00:00+00:00,4127580.8
402,2025-02-01 00:00:00+00:00,3554430.8
402,2025-03-01 00:00:00+00:00,3745671.5
402,2025-04-01 00:00:00+00:00,3405668.0
402,2025-05-01 00:00:00+00:00,3326984.8
402,2025-06-01 00:00:00+00:00,3343977.8
402,2025-07-01 00:00:00+00:00,3743854.5
402,2025-08-01 00:00:00+00:00,3862990.0
402,2025-09-01 00:00:00+00:00,4249278.0
403,2024-10-01 00:00:00+00:00,14449197.0
403,2024-11-01 00:00:00+00:00,14232175.0
403,2024-12-01 00:00:00+00:00,13668220.0
403,2025-01-01 00:00:00+00:00,10405575.0
403,2025-02-01 00:00:00+00:00,8950955.0
403,2025-03-01 00:00:00+00:00,9066184.0
403,2025-04-01 00:00:00+00:00,8175986.0
403,2025-05-01 00:00:00+00:00,7748577.0
403,2025-06-01 00:00:00+00:00,7983580.0
403,2025-07-01 00:00:00+00:00,9451410.0
403,2025-08-01 00:00:00+00:00,10440235.0
403,2025-09-01 00:00:00+00:00,11645354.0
404,2024-10-01 00:00:00+00:00,1287566.4
404,2024-11-01 00:00:00+00:00,1253465.8
404,2024-12-01 00:00:00+00:00,1280382.9
404,2025-01-01 00:00:00+00:00,1273210.9
404,2025-02-01 00:00:00+00:00,1091090.9
404,2025-03-01 00:00:00+00:00,1188080.0
404,2025-04-01 00:00:00+00:00,1132627.6
404,2025-05-01 00:00:00+00:00,1132873.6
404,2025-06-01 00:00:00+00:00,1113082.5
404,2025-07-01 00:00:00+00:00,1185276.5
404,2025-08-01 00:00:00+00:00,1198355.4
404,2025-09-01 00:00:00+00:00,1195010.1
405,2024-10-01 00:00:00+00:00,4358861.0
405,2024-11-01 00:00:00+00:00,4197727.5
405,2024-12-01 00:00:00+00:00,4211916.5
405,2025-01-01 00:00:00+00:00,3573125.0
405,2025-02-01 00:00:00+00:00,3087147.5
405,2025-03-01 00:00:00+00:00,3277567.8
405,2025-04-01 00:00:00+00:00,2985177.0
405,2025-05-01 00:00:00+00:00,2959085.5
405,2025-06-01 00:00:00+00:00,2950650.5
405,2025-07-01 00:00:00+00:00,3375793.5
405,2025-08-01 00:00:00+00:00,3496520.5
405,2025-09-01 00:00:00+00:00,3747092.0
447,2024-10-01 00:00:00+00:00,1456945.5
447,2024-11-01 00:00:00+00:00,1420561.9
447,2024-12-01 00:00:00+00:00,1441790.0
447,2025-01-01 00:00:00+00:00,1424884.8
447,2025-02-01 00:00:00+00:00,1240923.6
447,2025-03-01 00:00:00+00:00,1362076.6
447,2025-04-01 00:00:00+00:00,1286569.5
447,2025-05-01 00:00:00+00:00,1286815.5
447,2025-06-01 00:00:00+00:00,1277001.4
447,2025-07-01 00:00:00+00:00,1346485.9
447,2025-08-01 00:00:00+00:00,1359564.8
447,2025-09-01 00:00:00+00:00,1358154.9
450,2024-10-01 00:00:00+00:00,1387703.8
450,2024-11-01 00:00:00+00:00,1353603.1
450,2024-12-01 00:00:00+00:00,1372787.2
450,2025-01-01 00:00:00+00:00,1347573.9
450,2025-02-01 00:00:00+00:00,1165453.9
450,2025-03-01 00:00:00+00:00,1278430.5
450,2025-04-01 00:00:00+00:00,1217785.8
450,2025-05-01 00:00:00+00:00,1218031.8
450,2025-06-01 00:00:00+00:00,1198240.6
450,2025-07-01 00:00:00+00:00,1271617.1
450,2025-08-01 00:00:00+00:00,1284696.0
450,2025-09-01 00:00:00+00:00,1283286.1
459,2024-10-01 00:00:00+00:00,1483998.1
459,2024-11-01 00:00:00+00:00,1447614.5
459,2024-12-01 00:00:00+00:00,1470648.1
459,2025-01-01 00:00:00+00:00,1451588.0
459,2025-02-01 00:00:00+00:00,1267626.9
459,2025-03-01 00:00:00+00:00,1393381.0
459,2025-04-01 00:00:00+00:00,1317873.9
459,2025-05-01 00:00:00+00:00,1315803.9
459,2025-06-01 00:00:00+00:00,1307368.6
459,2025-07-01 00:00:00+00:00,1379265.9
459,2025-08-01 00:00:00+00:00,1393730.6
459,2025-09-01 00:00:00+00:00,1392320.8
460,2024-10-01 00:00:00+00:00,4583319.0
460,2024-11-01 00:00:00+00:00,4417457.5
460,2024-12-01 00:00:00+00:00,4426704.0
460,2025-01-01 00:00:00+00:00,3703546.2
460,2025-02-01 00:00:00+00:00,3234186.0
460,2025-03-01 00:00:00+00:00,3442387.0
460,2025-04-01 00:00:00+00:00,3140461.2
460,2025-05-01 00:00:00+00:00,3076340.2
460,2025-06-01 00:00:00+00:00,3108291.2
460,2025-07-01 00:00:00+00:00,3535276.0
460,2025-08-01 00:00:00+00:00,3655136.8
460,2025-09-01 00:00:00+00:00,3936848.5
466,2024-10-01 00:00:00+00:00,3967072.5
466,2024-11-01 00:00:00+00:00,3825782.0
466,2024-12-01 00:00:00+00:00,3841652.5
466,2025-01-01 00:00:00+00:00,3428719.0
466,2025-02-01 00:00:00+00:00,2988523.8
466,2025-03-01 00:00:00+00:00,3150355.8
466,2025-04-01 00:00:00+00:00,2871611.8
466,2025-05-01 00:00:00+00:00,2837005.5
466,2025-06-01 00:00:00+00:00,2828570.5
466,2025-07-01 00:00:00+00:00,3234868.5
466,2025-08-01 00:00:00+00:00,3380701.8
466,2025-09-01 00:00:00+00:00,3535345.0
468,2024-10-01 00:00:00+00:00,1260267.2
468,2024-11-01 00:00:00+00:00,1226166.6
468,2024-12-01 00:00:00+00:00,1262305.4
468,2025-01-01 00:00:00+00:00,1264411.0
468,2025-02-01 00:00:00+00:00,1078060.8
468,2025-03-01 00:00:00+00:00,1175786.5
468,2025-04-01 00:00:00+00:00,1116451.6
468,2025-05-01 00:00:00+00:00,1116697.6
468,2025-06-01 00:00:00+00:00,1096906.5
468,2025-07-01 00:00:00+00:00,1165623.5
468,2025-08-01 00:00:00+00:00,1178702.4
468,2025-09-01 00:00:00+00:00,1175357.1
469,2024-10-01 00:00:00+00:00,5488792.5
469,2024-11-01 00:00:00+00:00,5303682.0
469,2024-12-01 00:00:00+00:00,5303234.0
469,2025-01-01 00:00:00+00:00,4165083.8
469,2025-02-01 00:00:00+00:00,3733972.0
469,2025-03-01 00:00:00+00:00,4031783.2
469,2025-04-01 00:00:00+00:00,3550191.5
469,2025-05-01 00:00:00+00:00,3436662.0
469,2025-06-01 00:00:00+00:00,3489282.5
469,2025-07-01 00:00:00+00:00,3904879.0
469,2025-08-01 00:00:00+00:00,4057122.0
469,2025-09-01 00:00:00+00:00,4346446.0
538,2024-10-01 00:00:00+00:00,2124765.8
538,2024-11-01 00:00:00+00:00,2071857.9
538,2024-12-01 00:00:00+00:00,2069152.8
538,2025-01-01 00:00:00+00:00,2068083.5
538,2025-02-01 00:00:00+00:00,1784884.0
538,2025-03-01 00:00:00+00:00,1932518.2
538,2025-04-01 00:00:00+00:00,1788938.8
538,2025-05-01 00:00:00+00:00,1763887.5
538,2025-06-01 00:00:00+00:00,1755452.2
538,2025-07-01 00:00:00+00:00,1947794.6
538,2025-08-01 00:00:00+00:00,2057425.0
538,2025-09-01 00:00:00+00:00,2059396.1
541,2024-10-01 00:00:00+00:00,1215043.0
541,2024-11-01 00:00:00+00:00,1177501.4
541,2024-12-01 00:00:00+00:00,1212935.6
541,2025-01-01 00:00:00+00:00,1238676.1
541,2025-02-01 00:00:00+00:00,1047110.25
541,2025-03-01 00:00:00+00:00,1132210.6
541,2025-04-01 00:00:00+00:00,1076758.2
541,2025-05-01 00:00:00+00:00,1077004.2
541,2025-06-01 00:00:00+00:00,1057213.1
541,2025-07-01 00:00:00+00:00,1135202.5
541,2025-08-01 00:00:00+00:00,1148281.1
541,2025-09-01 00:00:00+00:00,1146697.1
542,2024-10-01 00:00:00+00:00,4808720.5
542,2024-11-01 00:00:00+00:00,4623610.0
542,2024-12-01 00:00:00+00:00,4623162.0
542,2025-01-01 00:00:00+00:00,3660435.8
542,2025-02-01 00:00:00+00:00,3284060.2
542,2025-03-01 00:00:00+00:00,3518089.2
542,2025-04-01 00:00:00+00:00,3176509.5
542,2025-05-01 00:00:00+00:00,3062980.0
542,2025-06-01 00:00:00+00:00,3102384.5
542,2025-07-01 00:00:00+00:00,3521360.8
542,2025-08-01 00:00:00+00:00,3649590.8
542,2025-09-01 00:00:00+00:00,3920372.0
561,2024-10-01 00:00:00+00:00,4351916.0
561,2024-11-01 00:00:00+00:00,4230354.0
561,2024-12-01 00:00:00+00:00,4240687.0
561,2025-01-01 00:00:00+00:00,3745372.0
561,2025-02-01 00:00:00+00:00,3155961.8
561,2025-03-01 00:00:00+00:00,3392701.5
561,2025-04-01 00:00:00+00:00,3110697.0
561,2025-05-01 00:00:00+00:00,3069839.5
561,2025-06-01 00:00:00+00:00,3076992.5
561,2025-07-01 00:00:00+00:00,3501843.2
561,2025-08-01 00:00:00+00:00,3621159.0
561,2025-09-01 00:00:00+00:00,3802380.8
570,2024-10-01 00:00:00+00:00,4167665.5
570,2024-11-01 00:00:00+00:00,4046103.8
570,2024-12-01 00:00:00+00:00,4083555.5
570,2025-01-01 00:00:00+00:00,3618508.8
570,2025-02-01 00:00:00+00:00,3052363.5
570,2025-03-01 00:00:00+00:00,3304158.8
570,2025-04-01 00:00:00+00:00,3001009.8
570,2025-05-01 00:00:00+00:00,2964864.0
570,2025-06-01 00:00:00+00:00,2968134.5
570,2025-07-01 00:00:00+00:00,3368376.2
570,2025-08-01 00:00:00+00:00,3482893.8
570,2025-09-01 00:00:00+00:00,3627420.8
573,2024-10-01 00:00:00+00:00,2908650.8
573,2024-11-01 00:00:00+00:00,2859936.8
573,2024-12-01 00:00:00+00:00,2858443.0
573,2025-01-01 00:00:00+00:00,2664954.2
573,2025-02-01 00:00:00+00:00,2358469.5
573,2025-03-01 00:00:00+00:00,2511774.8
573,2025-04-01 00:00:00+00:00,2365286.2
573,2025-05-01 00:00:00+00:00,2350401.8
573,2025-06-01 00:00:00+00:00,2341966.8
573,2025-07-01 00:00:00+00:00,2710371.5
573,2025-08-01 00:00:00+00:00,2793313.8
573,2025-09-01 00:00:00+00:00,2795284.5
577,2024-10-01 00:00:00+00:00,5178519.5
577,2024-11-01 00:00:00+00:00,4993409.0
577,2024-12-01 00:00:00+00:00,4987102.0
577,2025-01-01 00:00:00+00:00,3996104.0
577,2025-02-01 00:00:00+00:00,3514829.5
577,2025-03-01 00:00:00+00:00,3822179.2
577,2025-04-01 00:00:00+00:00,3405897.2
577,2025-05-01 00:00:00+00:00,3312030.8
577,2025-06-01 00:00:00+00:00,3337712.8
577,2025-07-01 00:00:00+00:00,3677058.5
577,2025-08-01 00:00:00+00:00,3778844.0
577,2025-09-01 00:00:00+00:00,4150125.2
580,2024-10-01 00:00:00+00:00,5152640.5
580,2024-11-01 00:00:00+00:00,4950849.0
580,2024-12-01 00:00:00+00:00,4899872.0
580,2025-01-01 00:00:00+00:00,3857387.0
580,2025-02-01 00:00:00+00:00,3418926.5
580,2025-03-01 00:00:00+00:00,3689384.2
580,2025-04-01 00:00:00+00:00,3281889.0
580,2025-05-01 00:00:00+00:00,3171257.8
580,2025-06-01 00:00:00+00:00,3237807.2
580,2025-07-01 00:00:00+00:00,3628391.8
580,2025-08-01 00:00:00+00:00,3741149.8
580,2025-09-01 00:00:00+00:00,4108460.5
581,2024-10-01 00:00:00+00:00,16155387.0
581,2024-11-01 00:00:00+00:00,15867287.0
581,2024-12-01 00:00:00+00:00,15162273.0
581,2025-01-01 00:00:00+00:00,11183316.0
581,2025-02-01 00:00:00+00:00,9644403.0
581,2025-03-01 00:00:00+00:00,9590535.0
581,2025-04-01 00:00:00+00:00,8933575.0
581,2025-05-01 00:00:00+00:00,8506164.0
581,2025-06-01 00:00:00+00:00,8655373.0
581,2025-07-01 00:00:00+00:00,9815092.0
581,2025-08-01 00:00:00+00:00,11345154.0
581,2025-09-01 00:00:00+00:00,12629922.0
582,2024-10-01 00:00:00+00:00,1208903.2
582,2024-11-01 00:00:00+00:00,1174802.6
582,2024-12-01 00:00:00+00:00,1210941.4
582,2025-01-01 00:00:00+00:00,1225422.2
582,2025-02-01 00:00:00+00:00,1039073.25
582,2025-03-01 00:00:00+00:00,1134117.4
582,2025-04-01 00:00:00+00:00,1077463.1
582,2025-05-01 00:00:00+00:00,1077709.1
582,2025-06-01 00:00:00+00:00,1057918.0
582,2025-07-01 00:00:00+00:00,1126635.0
582,2025-08-01 00:00:00+00:00,1139713.6
582,2025-09-01 00:00:00+00:00,1136368.4
583,2024-10-01 00:00:00+00:00,5755732.5
583,2024-11-01 00:00:00+00:00,5570622.0
583,2024-12-01 00:00:00+00:00,5556373.5
583,2025-01-01 00:00:00+00:00,4560980.0
583,2025-02-01 00:00:00+00:00,4017998.0
583,2025-03-01 00:00:00+00:00,4348276.5
583,2025-04-01 00:00:00+00:00,3769884.2
583,2025-05-01 00:00:00+00:00,3680539.0
583,2025-06-01 00:00:00+00:00,3699787.8
583,2025-07-01 00:00:00+00:00,4045506.0
583,2025-08-01 00:00:00+00:00,4152659.5
583,2025-09-01 00:00:00+00:00,4568156.0
585,2024-10-01 00:00:00+00:00,810920.94
585,2024-11-01 00:00:00+00:00,927500.56
585,2024-12-01 00:00:00+00:00,3691685.2
585,2025-01-01 00:00:00+00:00,12403052.0
585,2025-02-01 00:00:00+00:00,6861670.5
585,2025-03-01 00:00:00+00:00,3770392.2
585,2025-04-01 00:00:00+00:00,598619.25
585,2025-05-01 00:00:00+00:00,619403.25
585,2025-06-01 00:00:00+00:00,737359.06
585,2025-07-01 00:00:00+00:00,781112.5
585,2025-08-01 00:00:00+00:00,830201.06
585,2025-09-01 00:00:00+00:00,728103.94
586,2024-10-01 00:00:00+00:00,4067232.2
586,2024-11-01 00:00:00+00:00,3887781.0
586,2024-12-01 00:00:00+00:00,3892303.5
586,2025-01-01 00:00:00+00:00,3193223.2
586,2025-02-01 00:00:00+00:00,2879560.8
586,2025-03-01 00:00:00+00:00,3175983.5
586,2025-04-01 00:00:00+00:00,2834964.2
586,2025-05-01 00:00:00+00:00,2732396.8
586,2025-06-01 00:00:00+00:00,2800740.8
586,2025-07-01 00:00:00+00:00,3196255.8
586,2025-08-01 00:00:00+00:00,3332867.5
586,2025-09-01 00:00:00+00:00,3468308.0
622,2024-10-01 00:00:00+00:00,1460802.6
622,2024-11-01 00:00:00+00:00,1424419.0
622,2024-12-01 00:00:00+00:00,1443603.1
622,2025-01-01 00:00:00+00:00,1428341.2
622,2025-02-01 00:00:00+00:00,1244380.1
622,2025-03-01 00:00:00+00:00,1370134.0
622,2025-04-01 00:00:00+00:00,1294626.9
622,2025-05-01 00:00:00+00:00,1292556.9
622,2025-06-01 00:00:00+00:00,1284121.6
622,2025-07-01 00:00:00+00:00,1353606.1
622,2025-08-01 00:00:00+00:00,1368070.9
622,2025-09-01 00:00:00+00:00,1366661.0
623,2024-10-01 00:00:00+00:00,4492586.5
623,2024-11-01 00:00:00+00:00,4326725.0
623,2024-12-01 00:00:00+00:00,4363925.0
623,2025-01-01 00:00:00+00:00,3656365.2
623,2025-02-01 00:00:00+00:00,3196569.5
623,2025-03-01 00:00:00+00:00,3367572.5
623,2025-04-01 00:00:00+00:00,3075181.2
623,2025-05-01 00:00:00+00:00,3049089.8
623,2025-06-01 00:00:00+00:00,3040654.8
623,2025-07-01 00:00:00+00:00,3488819.2
623,2025-08-01 00:00:00+00:00,3604215.0
623,2025-09-01 00:00:00+00:00,3880818.5
624,2024-10-01 00:00:00+00:00,1367634.9
624,2024-11-01 00:00:00+00:00,1333534.2
624,2024-12-01 00:00:00+00:00,1362254.6
624,2025-01-01 00:00:00+00:00,1336505.1
624,2025-02-01 00:00:00+00:00,1154385.1
624,2025-03-01 00:00:00+00:00,1269341.6
624,2025-04-01 00:00:00+00:00,1195144.4
624,2025-05-01 00:00:00+00:00,1195390.4
624,2025-06-01 00:00:00+00:00,1185576.2
624,2025-07-01 00:00:00+00:00,1255060.8
624,2025-08-01 00:00:00+00:00,1268139.6
624,2025-09-01 00:00:00+00:00,1266729.8
625,2024-10-01 00:00:00+00:00,4995780.0
625,2024-11-01 00:00:00+00:00,4829918.5
625,2024-12-01 00:00:00+00:00,4870747.5
625,2025-01-01 00:00:00+00:00,4189174.5
625,2025-02-01 00:00:00+00:00,3690200.8
625,2025-03-01 00:00:00+00:00,3869338.2
625,2025-04-01 00:00:00+00:00,3447408.8
625,2025-05-01 00:00:00+00:00,3368725.5
625,2025-06-01 00:00:00+00:00,3389601.0
625,2025-07-01 00:00:00+00:00,3739908.2
625,2025-08-01 00:00:00+00:00,3856685.8
625,2025-09-01 00:00:00+00:00,4138575.5
626,2024-10-01 00:00:00+00:00,1280699.5
626,2024-11-01 00:00:00+00:00,1246598.9
626,2024-12-01 00:00:00+00:00,1273516.0
626,2025-01-01 00:00:00+00:00,1266344.0
626,2025-02-01 00:00:00+00:00,1074539.5
626,2025-03-01 00:00:00+00:00,1171528.9
626,2025-04-01 00:00:00+00:00,1116076.5
626,2025-05-01 00:00:00+00:00,1116322.5
626,2025-06-01 00:00:00+00:00,1096531.4
626,2025-07-01 00:00:00+00:00,1178409.6
626,2025-08-01 00:00:00+00:00,1191488.5
626,2025-09-01 00:00:00+00:00,1188143.2
657,2024-10-01 00:00:00+00:00,31553150.0
657,2024-11-01 00:00:00+00:00,30648150.0
657,2024-12-01 00:00:00+00:00,31283634.0
657,2025-01-01 00:00:00+00:00,22444558.0
657,2025-02-01 00:00:00+00:00,21067154.0
657,2025-03-01 00:00:00+00:00,20307016.0
657,2025-04-01 00:00:00+00:00,18665146.0
657,2025-05-01 00:00:00+00:00,17528996.0
657,2025-06-01 00:00:00+00:00,17794042.0
657,2025-07-01 00:00:00+00:00,19025948.0
657,2025-08-01 00:00:00+00:00,20775306.0
657,2025-09-01 00:00:00+00:00,24219270.0
658,2024-10-01 00:00:00+00:00,1206145.6
658,2024-11-01 00:00:00+00:00,1168604.0
658,2024-12-01 00:00:00+00:00,1202978.2
658,2025-01-01 00:00:00+00:00,1220071.5
658,2025-02-01 00:00:00+00:00,1028505.9
658,2025-03-01 00:00:00+00:00,1109537.2
658,2025-04-01 00:00:00+00:00,1058153.6
658,2025-05-01 00:00:00+00:00,1060630.8
658,2025-06-01 00:00:00+00:00,1040840.56
658,2025-07-01 00:00:00+00:00,1122399.5
658,2025-08-01 00:00:00+00:00,1135478.1
658,2025-09-01 00:00:00+00:00,1134954.1
659,2024-10-01 00:00:00+00:00,5473272.5
659,2024-11-01 00:00:00+00:00,5288162.0
659,2024-12-01 00:00:00+00:00,5281855.0
659,2025-01-01 00:00:00+00:00,4204285.0
659,2025-02-01 00:00:00+00:00,3813843.2
659,2025-03-01 00:00:00+00:00,4127248.0
659,2025-04-01 00:00:00+00:00,3612221.8
659,2025-05-01 00:00:00+00:00,3518355.2
659,2025-06-01 00:00:00+00:00,3545782.5
659,2025-07-01 00:00:00+00:00,3892100.2
659,2025-08-01 00:00:00+00:00,4037832.2
659,2025-09-01 00:00:00+00:00,4323072.0
682,2024-10-01 00:00:00+00:00,3652038.8
682,2024-11-01 00:00:00+00:00,3560237.0
682,2024-12-01 00:00:00+00:00,3577333.0
682,2025-01-01 00:00:00+00:00,3223192.0
682,2025-02-01 00:00:00+00:00,2729141.0
682,2025-03-01 00:00:00+00:00,2907690.2
682,2025-04-01 00:00:00+00:00,2637975.8
682,2025-05-01 00:00:00+00:00,2554837.5
682,2025-06-01 00:00:00+00:00,2598045.2
682,2025-07-01 00:00:00+00:00,3089304.2
682,2025-08-01 00:00:00+00:00,3263868.0
682,2025-09-01 00:00:00+00:00,3330041.2
691,2024-10-01 00:00:00+00:00,1356607.2
691,2024-11-01 00:00:00+00:00,1322506.6
691,2024-12-01 00:00:00+00:00,1352078.9
691,2025-01-01 00:00:00+00:00,1334533.1
691,2025-02-01 00:00:00+00:00,1152413.1
691,2025-03-01 00:00:00+00:00,1263195.8
691,2025-04-01 00:00:00+00:00,1191679.1
691,2025-05-01 00:00:00+00:00,1191925.1
691,2025-06-01 00:00:00+00:00,1182111.0
691,2025-07-01 00:00:00+00:00,1251595.5
691,2025-08-01 00:00:00+00:00,1264674.4
691,2025-09-01 00:00:00+00:00,1261329.1
692,2024-10-01 00:00:00+00:00,5004656.0
692,2024-11-01 00:00:00+00:00,4802864.5
692,2024-12-01 00:00:00+00:00,4751887.5
692,2025-01-01 00:00:00+00:00,3733157.8
692,2025-02-01 00:00:00+00:00,3294140.5
692,2025-03-01 00:00:00+00:00,3564598.2
692,2025-04-01 00:00:00+00:00,3198370.2
692,2025-05-01 00:00:00+00:00,3087739.0
692,2025-06-01 00:00:00+00:00,3154288.5
692,2025-07-01 00:00:00+00:00,3570636.8
692,2025-08-01 00:00:00+00:00,3698047.0
692,2025-09-01 00:00:00+00:00,3998245.0
693,2024-10-01 00:00:00+00:00,30790122.0
693,2024-11-01 00:00:00+00:00,30140458.0
693,2024-12-01 00:00:00+00:00,30818710.0
693,2025-01-01 00:00:00+00:00,22682820.0
693,2025-02-01 00:00:00+00:00,21268798.0
693,2025-03-01 00:00:00+00:00,20504128.0
693,2025-04-01 00:00:00+00:00,18895822.0
693,2025-05-01 00:00:00+00:00,17490050.0
693,2025-06-01 00:00:00+00:00,17729838.0
693,2025-07-01 00:00:00+00:00,18744310.0
693,2025-08-01 00:00:00+00:00,20754338.0
693,2025-09-01 00:00:00+00:00,23538792.0
694,2024-10-01 00:00:00+00:00,1273053.4
694,2024-11-01 00:00:00+00:00,1238952.8
694,2024-12-01 00:00:00+00:00,1265869.9
694,2025-01-01 00:00:00+00:00,1266344.0
694,2025-02-01 00:00:00+00:00,1074539.5
694,2025-03-01 00:00:00+00:00,1171528.9
694,2025-04-01 00:00:00+00:00,1116076.5
694,2025-05-01 00:00:00+00:00,1116322.5
694,2025-06-01 00:00:00+00:00,1096531.4
694,2025-07-01 00:00:00+00:00,1178409.6
694,2025-08-01 00:00:00+00:00,1191488.5
694,2025-09-01 00:00:00+00:00,1188143.2
695,2024-10-01 00:00:00+00:00,5565099.5
695,2024-11-01 00:00:00+00:00,5379989.0
695,2024-12-01 00:00:00+00:00,5373682.0
695,2025-01-01 00:00:00+00:00,4239435.5
695,2025-02-01 00:00:00+00:00,3839387.5
695,2025-03-01 00:00:00+00:00,4160937.8
695,2025-04-01 00:00:00+00:00,3634012.5
695,2025-05-01 00:00:00+00:00,3527079.0
695,2025-06-01 00:00:00+00:00,3565977.0
695,2025-07-01 00:00:00+00:00,3943998.0
695,2025-08-01 00:00:00+00:00,4082987.5
695,2025-09-01 00:00:00+00:00,4368227.5
697,2024-10-01 00:00:00+00:00,1049979.8
697,2024-11-01 00:00:00+00:00,1020666.3
697,2024-12-01 00:00:00+00:00,1052109.5
697,2025-01-01 00:00:00+00:00,903773.44
697,2025-02-01 00:00:00+00:00,612329.3
697,2025-03-01 00:00:00+00:00,783907.25
697,2025-04-01 00:00:00+00:00,773388.0
697,2025-05-01 00:00:00+00:00,805784.06
697,2025-06-01 00:00:00+00:00,785993.06
697,2025-07-01 00:00:00+00:00,974047.56
697,2025-08-01 00:00:00+00:00,980344.44
697,2025-09-01 00:00:00+00:00,979820.44
698,2024-10-01 00:00:00+00:00,4074468.0
698,2024-11-01 00:00:00+00:00,3941150.2
698,2024-12-01 00:00:00+00:00,3945672.8
698,2025-01-01 00:00:00+00:00,3237158.5
698,2025-02-01 00:00:00+00:00,2923496.0
698,2025-03-01 00:00:00+00:00,3127470.5
698,2025-04-01 00:00:00+00:00,2888133.8
698,2025-05-01 00:00:00+00:00,2772620.5
698,2025-06-01 00:00:00+00:00,2834357.2
698,2025-07-01 00:00:00+00:00,3232313.0
698,2025-08-01 00:00:00+00:00,3377280.8
698,2025-09-01 00:00:00+00:00,3531924.0
705,2024-10-01 00:00:00+00:00,1470409.4
705,2024-11-01 00:00:00+00:00,1434025.8
705,2024-12-01 00:00:00+00:00,1450231.1
705,2025-01-01 00:00:00+00:00,1440412.0
705,2025-02-01 00:00:00+00:00,1256450.9
705,2025-03-01 00:00:00+00:00,1382205.0
705,2025-04-01 00:00:00+00:00,1306697.9
705,2025-05-01 00:00:00+00:00,1304627.9
705,2025-06-01 00:00:00+00:00,1296192.6
705,2025-07-01 00:00:00+00:00,1365677.1
705,2025-08-01 00:00:00+00:00,1380141.9
705,2025-09-01 00:00:00+00:00,1378732.0
706,2024-10-01 00:00:00+00:00,3880013.5
706,2024-11-01 00:00:00+00:00,3795957.5
706,2024-12-01 00:00:00+00:00,3798320.2
706,2025-01-01 00:00:00+00:00,3397194.8
706,2025-02-01 00:00:00+00:00,2955917.5
706,2025-03-01 00:00:00+00:00,3118216.0
706,2025-04-01 00:00:00+00:00,2843168.8
706,2025-05-01 00:00:00+00:00,2808562.5
706,2025-06-01 00:00:00+00:00,2810553.0
706,2025-07-01 00:00:00+00:00,3197233.0
706,2025-08-01 00:00:00+00:00,3343066.2
706,2025-09-01 00:00:00+00:00,3497710.0
707,2024-10-01 00:00:00+00:00,1396943.0
707,2024-11-01 00:00:00+00:00,1360559.4
707,2024-12-01 00:00:00+00:00,1389279.9
707,2025-01-01 00:00:00+00:00,1362300.8
707,2025-02-01 00:00:00+00:00,1180180.8
707,2025-03-01 00:00:00+00:00,1295137.2
707,2025-04-01 00:00:00+00:00,1220940.0
707,2025-05-01 00:00:00+00:00,1221186.0
707,2025-06-01 00:00:00+00:00,1211371.9
707,2025-07-01 00:00:00+00:00,1280856.4
707,2025-08-01 00:00:00+00:00,1293935.2
707,2025-09-01 00:00:00+00:00,1292525.4
708,2024-10-01 00:00:00+00:00,4353529.0
708,2024-11-01 00:00:00+00:00,4192395.8
708,2024-12-01 00:00:00+00:00,4229595.5
708,2025-01-01 00:00:00+00:00,3573125.0
708,2025-02-01 00:00:00+00:00,3087147.5
708,2025-03-01 00:00:00+00:00,3277567.8
708,2025-04-01 00:00:00+00:00,2985177.0
708,2025-05-01 00:00:00+00:00,2959085.5
708,2025-06-01 00:00:00+00:00,2950650.5
708,2025-07-01 00:00:00+00:00,3375793.5
708,2025-08-01 00:00:00+00:00,3491188.8
708,2025-09-01 00:00:00+00:00,3741760.2
709,2024-10-01 00:00:00+00:00,1304341.1
709,2024-11-01 00:00:00+00:00,1270240.5
709,2024-12-01 00:00:00+00:00,1297157.6
709,2025-01-01 00:00:00+00:00,1294639.1
709,2025-02-01 00:00:00+00:00,1102834.9
709,2025-03-01 00:00:00+00:00,1199824.0
709,2025-04-01 00:00:00+00:00,1144371.6
709,2025-05-01 00:00:00+00:00,1144617.6
709,2025-06-01 00:00:00+00:00,1124826.5
709,2025-07-01 00:00:00+00:00,1206705.0
709,2025-08-01 00:00:00+00:00,1219783.9
709,2025-09-01 00:00:00+00:00,1216438.6
738,2024-10-01 00:00:00+00:00,5459277.0
738,2024-11-01 00:00:00+00:00,5274166.5
738,2024-12-01 00:00:00+00:00,5267859.5
738,2025-01-01 00:00:00+00:00,4392799.5
738,2025-02-01 00:00:00+00:00,3924161.0
738,2025-03-01 00:00:00+00:00,4236764.5
738,2025-04-01 00:00:00+00:00,3681910.8
738,2025-05-01 00:00:00+00:00,3605632.5
738,2025-06-01 00:00:00+00:00,3644530.5
738,2025-07-01 00:00:00+00:00,3943713.5
738,2025-08-01 00:00:00+00:00,4065662.5
738,2025-09-01 00:00:00+00:00,4358125.0
740,2024-10-01 00:00:00+00:00,713369.44
740,2024-11-01 00:00:00+00:00,967095.56
740,2024-12-01 00:00:00+00:00,3973419.5
740,2025-01-01 00:00:00+00:00,12639568.0
740,2025-02-01 00:00:00+00:00,7085204.0
740,2025-03-01 00:00:00+00:00,3927529.5
740,2025-04-01 00:00:00+00:00,650864.25
740,2025-05-01 00:00:00+00:00,690706.9
740,2025-06-01 00:00:00+00:00,758933.06
740,2025-07-01 00:00:00+00:00,793015.8
740,2025-08-01 00:00:00+00:00,812741.0
740,2025-09-01 00:00:00+00:00,692028.4
741,2024-10-01 00:00:00+00:00,4375182.5
741,2024-11-01 00:00:00+00:00,4200667.0
741,2024-12-01 00:00:00+00:00,4153100.5
741,2025-01-01 00:00:00+00:00,3356067.5
741,2025-02-01 00:00:00+00:00,3022168.5
741,2025-03-01 00:00:00+00:00,3293309.0
741,2025-04-01 00:00:00+00:00,2952289.8
741,2025-05-01 00:00:00+00:00,2841658.5
741,2025-06-01 00:00:00+00:00,2903395.2
741,2025-07-01 00:00:00+00:00,3277926.2
741,2025-08-01 00:00:00+00:00,3430443.2
741,2025-09-01 00:00:00+00:00,3603573.0
